beta,avg_sentiment_score,avg_kl_divergence,avg_reward,repetitive_responses,high_sentiment_low_diversity,num_prompts
0.01,0.05733197635660569,6.698453183695471,-0.009652555480349032,0,0,3
0.1,0.05785843916237354,6.873326149308532,-0.6294741757684796,0,0,3
0.5,0.05270443117866914,6.762592189590944,-3.3285916636168036,0,0,3
1.0,0.06850937608008584,6.912528398534021,-6.844019022453934,0,0,3
