beta,avg_sentiment_score,avg_kl_divergence,avg_reward,repetitive_responses,high_sentiment_low_diversity,num_prompts
0.01,0.19508063858374952,9.234426116150452,-0.102736377422245,3,0,100
0.1,0.21388801536988467,9.869024119622175,0.773014396592333,4,0,100
0.5,0.2501489487430081,10.034951707309855,4.767326904911919,4,0,100
1.0,0.2501489487430081,10.034951707309855,9.784802758566848,4,0,100
