beta,avg_sentiment_score,avg_kl_divergence,avg_reward,repetitive_responses,high_sentiment_low_diversity,num_prompts
0.01,0.30316277795936913,7.740186699493908,0.22576091096443004,0,0,100
0.1,0.2657458445196971,6.342209675856026,-0.3684751230659055,0,0,100
0.5,0.23532957789953798,6.203702940181029,-2.8665218921909763,0,0,100
1.0,0.2306898753112182,6.195743544049481,-5.965053668738263,0,0,100
