beta,avg_sentiment_score,avg_kl_divergence,avg_reward,repetitive_responses,high_sentiment_low_diversity,num_prompts
0.01,0.290875748032704,24.142484305507466,0.04945090497762933,8,0,100
0.1,0.245520010413602,22.06894937365251,-1.9613749269516496,7,0,100
0.5,0.24100279253907503,22.046612354268433,-10.78230338459514,7,0,100
1.0,0.24100279253907503,22.046612354268433,-21.805609561729355,7,0,100
