beta,avg_sentiment_score,avg_kl_divergence,avg_reward,repetitive_responses,high_sentiment_low_diversity,num_prompts
0.01,0.06016131887833278,6.7155257455090975,-0.006993938576758206,0,0,3
0.1,0.0510120245317618,6.528843405903814,-0.6018723160586197,0,0,3
0.5,0.07477018687253197,6.265207087202043,-3.0578333567284894,0,0,3
1.0,0.06962380974243083,6.752324966251199,-6.682701156508769,0,0,3
