beta,avg_sentiment_score,avg_kl_divergence,avg_reward,repetitive_responses,high_sentiment_low_diversity,num_prompts
0.01,0.022254317936797937,8.317713277558038,-0.06092281483878245,0,0,3
0.1,0.0248828256657968,7.121806756328685,-0.6872978499670718,0,0,3
0.5,0.020301039687668283,7.4357065456208025,-3.697552233122733,0,0,3
1.0,0.02247417202840249,8.250033697390764,-8.227559525362361,0,0,3
