beta,avg_sentiment_score,avg_kl_divergence,avg_reward,repetitive_responses,high_sentiment_low_diversity,num_prompts
0.01,0.030197571963071823,0.125,0.028947571963071822,0,0,3
0.1,0.030197571963071823,0.125,0.017697571963071822,0,0,3
0.5,0.030197571963071823,0.125,-0.03230242803692818,0,0,3
1.0,0.030197571963071823,0.125,-0.09480242803692818,0,0,3
