beta,avg_sentiment_score,avg_kl_divergence,avg_reward,repetitive_responses,high_sentiment_low_diversity,num_prompts
0.01,0.051359893195331095,0.6512606409658859,0.044847286785672236,0,0,3
0.1,0.06619605422019958,0.6645380462119747,-0.0002577504009978922,0,0,3
0.5,0.059977952018380166,0.6486277034694355,-0.26433589971633764,0,0,3
1.0,0.06503830725948016,0.693124600243082,-0.6280862929836016,0,0,3
